{
    "data": {
        "dataset_name": "mimic_cxr",
        "image_dir": "../../MRG/data/mimic_cxr/images",
        "ann_path": "../../MRG/data/mimic_cxr/annotation.json",
        "tokenizer": "mix",
        "max_seq_length": 80,
        "threshold": 10,
        "num_workers": 2,
        "batch_size": 16
    },
    "model": {
        "model": "vlci",
        "embed_dim": 512,
        "v_causal": "y",
        "l_causal": "y",
        "causal_proj": false,
        "num_heads": 8,
        "V_mask_ratio": 0.85,
        "en_num_layers": 6,
        "de_num_layers": 6,
        "dropout": 0.1,
        "logit_layers": 1,
        "bos_idx": 0,
        "eos_idx": 0,
        "pad_idx": 0,
        "use_bn": 0,
        "drop_prob_lm": 0.5
    },
    "sample": {
        "sample_method": "beam_search",
        "length_penalty": "",
        "diversity_lambda": 0.5,
        "suppress_UNK": 0,
        "beam_size": 3,
        "temperature": 1.0,
        "sample_n": 1,
        "group_size": 1,
        "output_logsoftmax": 1,
        "decoding_constraint": 0,
        "block_trigrams": 1
    },
    "trainer": {
        "epochs": 10,
        "result_dir": "results/mimic_cxr/vlci",
        "record_dir": "results/mimic_cxr/vlci",
        "save_period": 1,
        "monitor_mode": "max",
        "monitor_metric": "BLEU_4",
        "early_stop": 50,
        "display_port": 8099,
        "monitor_metric_curves": false,
        "monitor_report": false,
        "monitor_image": false
    },
    "optim": {
        "loss_fn": "lm",
        "optim": "Adam",
        "lr_en": 1e-5,
        "lr_de": 1e-5,
        "weight_decay": 5e-5,
        "amsgrad": true,
        "lr_scheduler": "StepLR",
        "step_size": 50,
        "gamma": 0.1
    },
    "other": {
        "task_name": "funtune_vlci_mimic_cxr",
        "seed": -1,
        "cuda": 0,
        "task": "inference",
        "load_model_path": "results/mimic_cxr/vlci/model_best.pth",
        "resume": ""
    }
}